{
  "_fv": 43,
  "_type": "biome",
  "definition": {
    "name": "Cheese Biome",
    "groundBlock": {
      "value": "CUSTOM:Cheese"
    },
    "undergroundBlock": {
      "value": "CUSTOM:Cheese"
    },
    "underwaterBlock": {
      "value": "Blocks.FLOWING_WATER"
    },
    "ambientSound": {
      "value": ""
    },
    "additionsSound": {
      "value": ""
    },
    "music": {
      "value": "entity.drowned.ambient_water"
    },
    "moodSound": {
      "value": ""
    },
    "moodSoundDelay": 6000,
    "spawnParticles": false,
    "particleToSpawn": {
      "value": "EXPLOSION_NORMAL"
    },
    "particlesProbability": 0.5,
    "rainingPossibility": 0.5,
    "temperature": 0.5,
    "spawnBiome": true,
    "spawnInCaves": true,
    "spawnBiomeNether": true,
    "genTemperature": {
      "min": -0.2,
      "max": 0.2
    },
    "genHumidity": {
      "min": -0.2,
      "max": 0.2
    },
    "genContinentalness": {
      "min": 0.31,
      "max": 0.71
    },
    "genErosion": {
      "min": 0.6000000000000001,
      "max": 1.0
    },
    "genWeirdness": {
      "min": -0.7033073398546057,
      "max": -0.30330733985460573
    },
    "treesPerChunk": 5,
    "vanillaTreeType": "Default",
    "treeType": 0,
    "minHeight": 7,
    "treeStem": {
      "value": ""
    },
    "treeBranch": {
      "value": ""
    },
    "treeVines": {
      "value": ""
    },
    "treeFruits": {
      "value": ""
    },
    "defaultFeatures": [
      "Caves",
      "Ores",
      "FrozenTopLayer",
      "ForestGrass",
      "DefaultFlowers",
      "DesertFeatures"
    ],
    "spawnStronghold": true,
    "spawnMineshaft": true,
    "spawnMineshaftMesa": true,
    "spawnPillagerOutpost": true,
    "villageType": "plains",
    "spawnWoodlandMansion": true,
    "spawnJungleTemple": true,
    "spawnDesertPyramid": true,
    "spawnSwampHut": true,
    "spawnIgloo": true,
    "spawnOceanMonument": true,
    "spawnShipwreck": true,
    "spawnShipwreckBeached": false,
    "spawnBuriedTreasure": false,
    "oceanRuinType": "NONE",
    "spawnNetherBridge": false,
    "spawnNetherFossil": false,
    "spawnBastionRemnant": false,
    "spawnEndCity": false,
    "spawnRuinedPortal": "NONE",
    "spawnEntries": [
      {
        "entity": {
          "value": "EntityAxolotl"
        },
        "minGroup": 4,
        "maxGroup": 4,
        "weight": 20,
        "spawnType": "axolotls"
      }
    ]
  }
}