{
  "_fv": 43,
  "_type": "dimension",
  "definition": {
    "biomesInDimension": [
      {
        "value": "CUSTOM:CheeseBiome"
      }
    ],
    "worldGenType": "Normal world gen",
    "mainFillerBlock": {
      "value": "CUSTOM:Cheese"
    },
    "fluidBlock": {
      "value": "Blocks.WATER"
    },
    "canRespawnHere": false,
    "hasFog": false,
    "isDark": false,
    "doesWaterVaporize": true,
    "sleepResult": "ALLOW",
    "hasSkyLight": true,
    "imitateOverworldBehaviour": false,
    "portalFrame": {
      "value": "CUSTOM:Cheese"
    },
    "portalParticles": {
      "value": "PORTAL"
    },
    "portalLuminance": 0,
    "portalSound": {
      "value": "block.portal.ambient"
    },
    "enableIgniter": true,
    "igniterName": "Cheese Dimention Portal Igniter",
    "igniterTab": {
      "value": "TOOLS"
    },
    "texture": "cheeseitem",
    "portalTexture": "cheese",
    "enablePortal": true
  }
}