{
  "_fv": 43,
  "_type": "gui",
  "definition": {
    "type": 1,
    "width": 181,
    "height": 166,
    "inventoryOffsetX": 0,
    "inventoryOffsetY": 0,
    "renderBgLayer": true,
    "doesPauseGame": false,
    "components": [
      {
        "type": "textfield",
        "data": {
          "placeholder": "Search...",
          "name": "Search",
          "width": 120,
          "height": 20,
          "x": 154,
          "y": 41
        }
      }
    ],
    "gridSettings": {
      "sx": 18,
      "sy": 18,
      "ox": 11,
      "oy": 15,
      "snapOnGrid": false
    }
  }
}