{
  "_fv": 43,
  "_type": "fluid",
  "definition": {
    "name": "Milk",
    "bucketName": "Milk Bucket",
    "textureStill": "milk",
    "textureFlowing": "milkflowing",
    "tintType": "No tint",
    "canMultiply": true,
    "flowRate": 69,
    "levelDecrease": 1,
    "slopeFindDistance": 4,
    "spawnParticles": true,
    "dripParticle": {
      "value": "EXPLOSION_NORMAL"
    },
    "flowStrength": 1.0,
    "luminosity": 0,
    "density": 1000,
    "viscosity": 1000,
    "temperature": 300,
    "type": "WATER",
    "generateBucket": true,
    "textureBucket": "milkbucket",
    "creativeTab": {
      "value": "MISC"
    },
    "emptySound": {
      "value": ""
    },
    "rarity": "COMMON",
    "specialInfo": [],
    "resistance": 100.0,
    "luminance": 0,
    "lightOpacity": 1,
    "emissiveRendering": false,
    "tickRate": 10,
    "flammability": 1,
    "fireSpreadSpeed": 0,
    "colorOnMap": "DEFAULT"
  }
}